InHappinessId,ExCountryID,happinessRating,gdpPerCapita,socialSupport,healthyLifeExpectancy,freedomLifeChoice,generosity,perceptionOfCorruption,dystopiaResidual,year
1,72,7.808700085,1.285189509,1.499525905,0.961271405,0.66231674,0.159670442,0.477857262,2.762835026,2020
2,48,7.645599842,1.326948524,1.503449202,0.979332566,0.665039897,0.242793396,0.495260328,2.432740688,2020
3,156,7.559899807,1.39077425,1.472403407,1.040533185,0.62895447,0.269055754,0.407945901,2.35026741,2020
4,68,7.504499912,1.326501608,1.547567487,1.000843406,0.661980748,0.362330228,0.144540772,2.460688114,2020
5,125,7.487999916,1.42420733,1.495172501,1.008071899,0.670200884,0.287985086,0.434100568,2.168266296,2020
6,119,7.448900223,1.338946342,1.463645935,0.975675344,0.61362648,0.336317569,0.368569762,2.352117062,2020
7,155,7.353499889,1.322235227,1.433347702,0.986470461,0.650297701,0.272827893,0.442066371,2.246299267,2020
8,120,7.299600124,1.242317915,1.48721838,1.008138299,0.646789908,0.325726211,0.461268276,2.128108025,2020
9,10,7.294199944,1.317285538,1.437444925,1.000933528,0.603368878,0.255509764,0.281256139,2.398446083,2020
10,100,7.237500191,1.536676049,1.387528419,0.986442685,0.610137045,0.19595392,0.367041469,2.153700352,2020
11,32,7.23210001,1.301647663,1.435391903,1.022501945,0.644028127,0.28152892,0.351701856,2.195269108,2020
12,9,7.222799778,1.310396433,1.477146268,1.022607684,0.621877193,0.324973613,0.335996419,2.129804134,2020
13,170,7.164500237,1.273061037,1.457844973,0.97570008,0.525168657,0.373433441,0.322601646,2.236721992,2020
14,80,7.128600121,1.216463685,1.403256774,1.008052945,0.420699477,0.266861796,0.09989845,2.713358402,2020
15,43,7.121399879,0.981107712,1.374853611,0.939635336,0.645017743,0.131266311,0.096362092,2.953135014,2020
16,78,7.093699932,1.446886778,1.470596433,0.975670695,0.587779939,0.295426995,0.373433262,1.943878174,2020
17,81,7.075799942,1.314184546,1.368543744,0.972114801,0.564274132,0.252037704,0.309362292,2.295249462,2020
18,171,6.939599991,1.37398684,1.404786706,0.831618011,0.534608245,0.298143059,0.152284741,2.344124794,2020
19,47,6.910900116,1.212322354,1.40528667,0.89456445,0.505744576,0.046325929,0.049803223,2.796808243,2020
20,17,6.863500118,1.295842767,1.398677588,0.964901149,0.499805421,0.146966159,0.208724052,2.348626614,2020
21,169,6.790800095,1.431086421,1.251170993,0.787814438,0.652936101,0.28065598,0.220213518,2.166965961,2020
22,107,6.772799969,1.252513289,1.442956924,0.972042024,0.633239031,0.341180831,0.178864077,1.952012062,2020
23,74,6.663799763,1.268129349,1.458839178,1.029714227,0.514050901,0.112607703,0.227303237,2.053198338,2020
24,110,6.465000153,1.024387479,1.226333499,0.831601024,0.553892553,0.083094485,0.083133668,2.662540197,2020
25,158,6.45539999,1.327470541,1.357760668,0.878437996,0.449404389,0.150598705,0.131516352,2.160238743,2020
26,172,6.440100193,1.071000457,1.425081134,0.856928885,0.59426707,0.132143691,0.193425074,2.167276382,2020
27,139,6.406499863,1.334328532,1.309950113,0.759818137,0.548477471,0.087440684,0.163322315,2.203118801,2020
28,150,6.400899887,1.230535269,1.421099186,1.051343083,0.425983816,0.16530548,0.109579779,1.997088432,2020
29,55,6.398900032,0.753815711,1.174267054,0.705952585,0.613146722,0.170611665,0.0983603,2.882723093,2020
30,82,6.38740015,1.236396074,1.347296,1.022504926,0.321305573,0.170266211,0.040145598,2.249505997,2020
31,143,6.377099991,1.519580126,1.39545691,1.137814283,0.635317206,0.218770906,0.533162236,0.937031746,2020
32,25,6.375599861,0.952679873,1.363464117,0.766119063,0.483292729,0.131674588,0.106518604,2.571860313,2020
33,145,6.363399982,1.208652496,1.464677691,0.932548046,0.646700144,0.145701498,0.076516323,1.888586521,2020
34,57,6.34829998,0.748940408,1.149397612,0.752730012,0.524043918,0.1189363,0.117030352,2.937191725,2020
35,90,6.325200081,0.840481341,1.183962822,0.672709167,0.557280421,0.325286865,0.008559024,2.736902714,2020
36,128,6.304800034,1.097667813,1.376149297,0.878546536,0.57984978,0.097207308,0.054230526,2.221176147,2020
37,144,6.280600071,1.194837689,1.424331188,0.853465259,0.423542529,0.116729774,0.011291441,2.256422043,2020
38,173,6.257599831,0.696652949,1.434020042,0.716703713,0.693270326,0.363311023,0.280260265,2.073346615,2020
39,36,6.228499889,1.096992493,1.323286891,0.889260828,0.417482227,0.155579001,0.06284935,2.283012867,2020
40,13,6.227300167,1.296692252,1.31532371,0.838836372,0.610399902,0.287453711,0.126697257,1.751917362,2020
41,99,6.215499878,1.193559647,1.432865739,0.795421183,0.42046079,0.053691041,0.081350274,2.238146067,2020
42,163,6.191899776,1.167641521,1.407326221,0.658828557,0.55293113,0.199358255,0.015078396,2.190695763,2020
43,132,6.186299801,1.16922915,1.310399771,0.868038476,0.557903528,0.063374244,0.160541251,2.056797981,2020
44,38,6.163400173,0.93220371,1.33445096,0.810020149,0.526890039,0.092374094,0.04584837,2.421656609,2020
45,46,6.15899992,1.21279943,1.149170756,1.026124597,0.459385872,0.227932334,0.051207144,2.032334805,2020
46,121,6.13710022,0.620033145,1.27081275,0.803093255,0.560117304,0.212871477,0.174084574,2.496081114,2020
47,136,6.123700142,1.120401621,1.1944381,0.79229486,0.534852326,0.068181619,0.000829569,2.412749767,2020
48,91,6.102099895,1.424833655,1.244779825,0.776468933,0.570261419,0.132751092,0.112814933,1.840167999,2020
49,109,6.101299763,1.07366395,1.395666838,0.763389409,0.590838134,0.186894551,0.084088229,2.006720543,2020
50,88,6.057899952,1.122594237,1.453267694,0.698788941,0.497432142,0.153713793,0.110463686,2.021602631,2020
51,63,6.021800041,1.192441225,1.453232527,0.842615008,0.576664805,0.125136748,0.201766819,1.629928112,2020
52,131,6.006000042,0.775120676,1.245381713,0.602189481,0.621915162,0.129260212,0.130385727,2.501741886,2020
53,65,6.000400066,1.164307117,1.423009396,0.806793869,0.386401802,0.070491239,0.027548173,2.121845722,2020
54,161,5.998799801,1.007029295,1.347519517,0.793855846,0.609449804,0.376709014,0.031837862,1.832384109,2020
55,7,5.974699974,1.028465629,1.372543693,0.849773705,0.520840347,0.070100471,0.060415059,2.072540998,2020
56,61,5.953199863,0.598763585,1.186664104,0.791989982,0.568148077,0.256528199,0.086807102,2.464295387,2020
57,94,5.949999809,1.14139545,1.414398789,0.777902424,0.329198807,0.075407945,0.090391524,2.121283054,2020
58,53,5.925199986,0.853383601,1.221027613,0.838837743,0.555234551,0.115006477,0.086753383,2.254933834,2020
59,133,5.910900116,1.168800831,1.339530349,0.979315281,0.589895189,0.053036947,0.027733466,1.752558708,2020
60,85,5.889800072,0.779058397,1.408289194,0.788434088,0.553124607,0.116268493,0.030147785,2.214436531,2020
61,148,5.872399807,1.245300651,1.133560538,1.022542596,0.25935635,0.170303866,0.094596282,1.946757078,2020
62,86,5.870800018,1.26672411,1.332338691,1.072881341,0.495465875,0.03571178,0.181439638,1.486200333,2020
63,130,5.796800137,0.91854918,1.208405972,0.824444175,0.513210058,0.091611817,0.02703266,2.213499546,2020
64,141,5.77820015,0.988181829,1.327448964,0.828403294,0.395428419,0.15028289,0.059447147,2.029040098,2020
65,22,5.747499943,0.730976343,1.142350554,0.662445664,0.5744645,0.138375074,0.072942637,2.425928593,2020
66,126,5.69329977,0.616799474,0.872979581,0.469933242,0.405421734,0.228705063,0.122592121,2.976876736,2020
67,129,5.692100048,0.897990823,1.36819756,0.735869646,0.586510062,0.204299241,0.065077379,1.83412528,2020
68,51,5.689199924,0.983191848,1.328888893,0.741901696,0.5628739,0.112196781,0.115945682,1.844246864,2020
69,23,5.674099922,0.91839546,1.203986526,0.813928187,0.305365741,0.264005244,0.001172487,2.16724205,2020
70,111,5.607500076,0.707916796,1.237312198,0.713299453,0.389571488,0.174049184,0.014378744,2.370968342,2020
71,159,5.555699825,0.474874616,1.218377709,0.680594802,0.521141171,0.182417125,0.221779913,2.25650835,2020
72,113,5.54610014,1.010150075,1.265657902,0.839028895,0.303223848,0.14901033,0.098435111,1.880565882,2020
73,137,5.546000004,1.126999617,1.378644109,0.68044591,0.399499595,0.099041916,0.045699362,1.815716743,2020
74,92,5.541500092,0.513180971,1.341036677,0.680645883,0.614617765,0.30137074,0.030466691,2.060206652,2020
75,16,5.539899826,1.018854499,1.38713932,0.75258857,0.290755868,0.08993306,0.193607435,1.8069911,2020
76,216,5.53550005,1.21279943,1.183089137,1.026124597,0.477885723,0.199160054,0.199802905,1.23668766,2020
77,54,5.514999866,1.128070116,1.168973565,0.979431748,0.173516348,0,0.048844352,2.016179085,2020
78,64,5.510399818,1.376746058,1.243584275,1.136630654,0.459356517,0.288280904,0.332485437,0.673293114,2020
79,44,5.504700184,1.109024286,1.311264873,0.900575578,0.381456882,0.113998979,0.012325006,1.676029205,2020
80,98,5.488800049,1.021913767,1.196283698,0.615626633,0.451354057,0.142757699,0.172258079,1.888563156,2020
81,112,5.456200123,0.904872775,1.458930612,0.615788162,0.355703115,0.263885736,0.046533126,1.810527563,2020
82,104,5.384300232,1.168421626,1.17400229,0.788511872,0.596941531,0.274886161,0.062163133,1.319420815,2020
83,175,5.353499889,0.718092382,1.253074765,0.819133997,0.650835574,0.136488721,0.089848459,1.685977936,2020
84,71,5.285600185,0.891720712,1.154800892,0.610437036,0.568161428,0.542646527,0.038278613,1.479573488,2020
85,84,5.233300209,0.537094414,0.799727261,0.154942513,0.397122532,0.169915587,0.093495794,3.081022501,2020
86,19,5.21600008,0.366244704,0.352428436,0.328062952,0.40583989,0.196670428,0.125931874,3.440809727,2020
87,105,5.197599888,0.937864304,1.402287602,0.914439559,0.548203647,0.224198252,0.071906492,1.098674774,2020
88,41,5.194399834,0.633616745,0.757636011,0.458101124,0.386514395,0.117216013,0.118670784,2.722619534,2020
89,11,5.164800167,0.990272701,1.180613041,0.731134057,0.467734724,0.040113214,0.247307181,1.507632971,2020
90,101,5.159800053,0.935371995,1.183173537,0.802994132,0.410224587,0.18586354,0.024595059,1.617594957,2020
91,83,5.147999763,0.575862467,0.96636796,0.432162255,0.477290064,0.261291206,0.056570381,2.378437281,2020
92,118,5.137199879,0.444050372,1.100789309,0.66887939,0.480608255,0.300971806,0.127502963,2.014386892,2020
93,165,5.131800175,1.127169251,1.197159171,0.781335294,0.25440076,0.085885569,0.120983243,1.564816713,2020
94,37,5.123899937,0.990533412,1.132080674,0.867248535,0.601605117,0.079021044,0.117255554,1.336181879,2020
95,166,5.119100094,1.008963585,1.510476947,0.612448037,0.515236676,0.323129326,0.03350389,1.115337372,2020
96,27,5.101500034,1.046554685,1.460578918,0.777776897,0.417820066,0.103833713,0,1.294961452,2020
97,114,5.094799995,0.75862211,0.645208478,0.745096922,0.450054139,0.040032551,0.077385604,2.378402472,2020
98,31,5.084899902,0.503958046,0.89972645,0.270189553,0.439242482,0.198020101,0.054393422,2.719370842,2020
99,174,5.053199768,0.770238638,1.348546863,0.76702553,0.271717221,0.087179154,0.063624777,1.74484086,2020
100,3,5.005099773,0.943856001,1.143003583,0.745418549,0.083943799,0.118915014,0.129190654,1.840811729,2020
101,140,4.980800152,0.504061818,0.95459342,0.518391907,0.352400899,0.164397135,0.081865937,2.405123949,2020
102,58,4.949299812,0.390007734,0.75136596,0.333655238,0.371878058,0.249490842,0.112204559,2.740729809,2020
103,122,4.909599781,0.108330332,0.703800142,0.298816353,0.435311615,0.208176896,0.137554765,3.017630577,2020
104,93,4.888599873,0.714693844,0.987391889,0.486378282,0.612027287,0.27266711,0.194273964,1.621152639,2020
105,2,4.882699966,0.906653047,0.830483913,0.846329629,0.461945891,0.171027765,0.025361285,1.640897036,2020
106,30,4.848400116,0.544634938,1.071426034,0.587904334,0.674940348,0.233342081,0.072837502,1.663300037,2020
107,14,4.832799911,0.556156278,0.868800581,0.694940507,0.604130566,0.176745117,0.176735908,1.755261898,2020
108,76,4.829299927,0.988044381,1.10639751,0.522574842,0.369459897,0.052013602,0.055804539,1.735027552,2020
109,147,4.814099789,0.902140439,1.259086251,0.407034069,0.43478182,0.126406848,0.05950214,1.625117302,2020
110,75,4.784800053,0.982018709,1.011466622,0.529350698,0.283588052,0.153002068,0.073164992,1.752173662,2020
111,95,4.771500111,0.889232516,1.19249332,0.788671136,0.18551667,0.158524141,0.021518147,1.53554225,2020
112,28,4.768700123,0.302467644,0.9293859,0.312833875,0.322398156,0.186390609,0.126408055,2.588826418,2020
113,77,4.750599861,0.256990552,0.882678688,0.353247881,0.403419524,0.425989687,0.158093795,2.270216465,2020
114,106,4.729300022,0.352462649,0.97314173,0.234981522,0.377534449,0.16966705,0.062146276,2.559335232,2020
115,123,4.724100113,0.645901859,0.986717939,0.167835936,0.435079455,0.221328124,0.047589935,2.219635487,2020
116,8,4.676799774,0.808262408,1.034576893,0.77585727,0.378075808,0.107225738,0.104618184,1.468161583,2020
117,79,4.672599792,0.847198069,0.7311939,0.694657624,0.485494107,0.047609735,0.174088076,1.69239831,2020
118,73,4.672399998,1.029322505,0.886271179,0.749053836,0.301195472,0.27697894,0.142651513,1.286969423,2020
119,87,4.633399963,0.785179198,1.140118599,0.777624726,0.424855083,0.091494769,0.151878625,1.262258053,2020
120,115,4.623600006,0.178741366,0.955202878,0.324223638,0.56077534,0.220422104,0.163064316,2.221216202,2020
121,89,4.583000183,0.476413399,0.905077755,0.536312759,0.519180536,0.393902093,0.067201078,1.684904575,2020
122,117,4.571100235,0.84008199,1.245738149,0.40687117,0.444598973,0.076454483,0.054320343,1.503033161,2020
123,168,4.56069994,0.780434608,1.321316481,0.698674381,0.319423705,0.178551316,0.00965116,1.252669334,2020
124,97,4.557899952,0.174103007,0.920733929,0.392284274,0.405943096,0.226967871,0.051139876,2.386757851,2020
125,127,4.552800179,0.587819219,1.194755554,0.613826573,0.29870075,0.091816261,0.071913652,1.693985701,2020
126,167,4.43200016,0.312337428,1.052327394,0.378311664,0.401682556,0.264807373,0.063818842,1.958671093,2020
127,35,4.422699928,0.302287489,0.739118278,0.1087441,0.228601769,0.210805088,0.085755408,2.74742651,2020
128,164,4.392199993,0.874742687,0.872167706,0.781156719,0.235860556,0.055881143,0.043899573,1.528496742,2020
129,108,4.374599934,0.539684892,1.113323569,0.425184816,0.185714483,0.128899664,0.122257635,1.85955739,2020
130,151,4.327000141,0.897986948,1.19494009,0.792036712,0.528632462,0.252666146,0.049444564,0.611288548,2020
131,42,4.31099987,0.062487468,0.833055019,0.277212054,0.36462298,0.254324883,0.081466645,2.437864304,2020
132,154,4.308100224,0.827539742,1.064835191,0.215585828,0.299935788,0.067264833,0.146765873,1.686207294,2020
133,116,4.308000088,0.67809093,1.098178267,0.495443076,0.597478867,0.569813728,0.187530354,0.681462526,2020
134,39,4.288599968,0.415620774,0.723232806,0.437383324,0.181028232,0.258538276,0.100048535,2.17276907,2020
135,162,4.187200069,0.268116266,0.547622859,0.342731178,0.303539038,0.200774252,0.114826456,2.409595251,2020
136,67,4.186200142,0.315125644,1.001103282,0.483846247,0.41256687,0.227698103,0.117437035,1.628459215,2020
137,102,4.165599823,0.244553208,0.823694348,0.500617027,0.192967549,0.191190064,0.076248638,2.136298418,2020
138,56,4.151400089,0.875228941,0.982539535,0.596911311,0.373684734,0.068801254,0.095461793,1.158818245,2020
139,142,3.926399946,0.240560383,0.747984946,0.203953966,0.382027686,0.257647008,0.047940936,2.046271801,2020
140,29,3.775300026,0,0.403575271,0.295212835,0.275399059,0.187401786,0.212186828,2.401507378,2020
141,177,3.759399891,0.536833763,0.896037281,0.36359334,0.49131754,0.250620902,0.086705238,1.134339333,2020
142,59,3.720799923,0.284734428,0.646671355,0.37436673,0.169297516,0.463909656,0.161935672,1.619916916,2020
143,96,3.652800083,0.45493874,1.088940024,0.100934811,0.409367532,0.102627642,0.050483823,1.445513964,2020
144,69,3.573299885,0.730576158,0.644198656,0.54057014,0.581142247,0.237072483,0.105587982,0.734130859,2020
145,103,3.538000107,0.176534727,0.53036809,0.446163297,0.487389833,0.213185057,0.131633952,1.552718282,2020
146,176,3.527400017,0.392701775,1.177477121,0.41500017,0.243721485,0.094689012,0.087352127,1.116472721,2020
147,24,3.478899956,0.997548997,1.08569479,0.494101733,0.50908941,0.033407487,0.101786368,0.257240534,2020
148,160,3.476200104,0.457163125,0.872674644,0.442677855,0.509343088,0.27154091,0.203880861,0.718963385,2020
149,34,3.475899935,0.041072082,0,0,0.292814463,0.253513217,0.028264718,2.860197544,2020
150,138,3.312299967,0.343242675,0.522876322,0.572383285,0.604087889,0.235704988,0.485542476,0.548444986,2020
151,178,3.299200058,0.425564021,1.047835231,0.375037611,0.37740472,0.151349187,0.080928579,0.841031075,2020
152,149,2.816600084,0.289082974,0.553278506,0.208809033,0.065609254,0.209934607,0.111156799,1.378751278,2020
153,1,2.566900015,0.30070585,0.356433839,0.266051531,0,0.135234714,0.001225785,1.507235646,2020
154,72,7.769,1.34,1.587,0.986,0.596,0.153,0.393,2.714,2019
155,48,7.6,1.383,1.573,0.996,0.592,0.252,0.41,2.394,2019
156,125,7.554,1.488,1.582,1.028,0.603,0.271,0.341,2.241,2019
157,68,7.494,1.38,1.624,1.026,0.591,0.354,0.118,2.401,2019
158,119,7.488,1.396,1.522,0.999,0.557,0.322,0.298,2.394,2019
159,156,7.48,1.452,1.526,1.052,0.572,0.263,0.343,2.272,2019
160,155,7.343,1.387,1.487,1.009,0.574,0.267,0.373,2.246,2019
161,120,7.307,1.303,1.557,1.026,0.585,0.33,0.38,2.126,2019
162,32,7.278,1.365,1.505,1.039,0.584,0.285,0.308,2.192,2019
163,10,7.246,1.376,1.475,1.016,0.532,0.244,0.226,2.377,2019
164,9,7.228,1.372,1.548,1.036,0.557,0.332,0.29,2.093,2019
165,43,7.167,1.034,1.441,0.963,0.558,0.144,0.093,2.934,2019
166,80,7.139,1.276,1.455,1.029,0.371,0.261,0.082,2.665,2019
167,100,7.09,1.609,1.479,1.012,0.526,0.194,0.316,1.954,2019
168,170,7.054,1.333,1.538,0.996,0.45,0.348,0.278,2.111,2019
169,78,7.021,1.499,1.553,0.999,0.516,0.298,0.31,1.846,2019
170,81,6.985,1.373,1.454,0.987,0.495,0.261,0.265,2.15,2019
171,17,6.923,1.356,1.504,0.986,0.473,0.16,0.21,2.234,2019
172,171,6.892,1.433,1.457,0.874,0.454,0.28,0.128,2.266,2019
173,47,6.852,1.269,1.487,0.92,0.457,0.046,0.036,2.637,2019
174,169,6.825,1.503,1.31,0.825,0.598,0.262,0.182,2.145,2019
175,107,6.726,1.3,1.52,0.999,0.564,0.375,0.151,1.817,2019
176,110,6.595,1.07,1.323,0.861,0.433,0.074,0.073,2.761,2019
177,74,6.592,1.324,1.472,1.045,0.436,0.111,0.183,2.021,2019
178,158,6.446,1.368,1.43,0.914,0.351,0.242,0.097,2.044,2019
179,36,6.444,1.159,1.369,0.92,0.357,0.187,0.056,2.396,2019
180,55,6.436,0.8,1.269,0.746,0.535,0.175,0.078,2.833,2019
181,139,6.375,1.403,1.357,0.795,0.439,0.08,0.132,2.169,2019
182,135,6.374,1.684,1.313,0.871,0.555,0.22,0.167,1.564,2019
183,150,6.354,1.286,1.484,1.062,0.362,0.153,0.079,1.928,2019
184,128,6.321,1.149,1.442,0.91,0.516,0.109,0.054,2.141,2019
185,25,6.3,1.004,1.439,0.802,0.39,0.099,0.086,2.48,2019
186,172,6.293,1.124,1.465,0.891,0.523,0.127,0.15,2.013,2019
187,143,6.262,1.572,1.463,1.141,0.556,0.271,0.453,0.806,2019
188,57,6.253,0.794,1.242,0.789,0.43,0.093,0.074,2.831,2019
189,82,6.223,1.294,1.488,1.039,0.231,0.158,0.03,1.983,2019
190,13,6.199,1.362,1.368,0.871,0.536,0.255,0.11,1.697,2019
191,144,6.198,1.246,1.504,0.881,0.334,0.121,0.014,2.098,2019
192,216,6.192,1.231,1.477,0.713,0.489,0.185,0.016,2.081,2019
193,132,6.182,1.206,1.438,0.884,0.483,0.117,0.05,2.004,2019
194,173,6.174,0.745,1.529,0.756,0.631,0.322,0.24,1.951,2019
195,99,6.149,1.238,1.515,0.818,0.291,0.043,0.042,2.202,2019
196,38,6.125,0.985,1.41,0.841,0.47,0.099,0.034,2.286,2019
197,145,6.118,1.258,1.523,0.953,0.564,0.144,0.057,1.619,2019
198,121,6.105,0.694,1.325,0.835,0.435,0.2,0.127,2.489,2019
199,90,6.1,0.882,1.232,0.758,0.489,0.262,0.006,2.471,2019
200,7,6.086,1.092,1.432,0.881,0.471,0.066,0.05,2.094,2019
201,136,6.07,1.162,1.232,0.825,0.462,0.083,0.005,2.301,2019
202,46,6.046,1.263,1.223,1.042,0.406,0.19,0.041,1.881,2019
203,53,6.028,0.912,1.312,0.868,0.498,0.126,0.087,2.225,2019
204,91,6.021,1.5,1.319,0.808,0.493,0.142,0.097,1.662,2019
205,161,6.008,1.05,1.409,0.828,0.557,0.359,0.028,1.777,2019
206,94,5.94,1.187,1.465,0.812,0.264,0.075,0.064,2.073,2019
207,148,5.895,1.301,1.219,1.036,0.159,0.175,0.056,1.949,2019
208,63,5.893,1.237,1.528,0.874,0.495,0.103,0.161,1.495,2019
209,85,5.89,0.831,1.478,0.831,0.49,0.107,0.028,2.125,2019
210,109,5.888,1.12,1.402,0.798,0.498,0.215,0.06,1.795,2019
211,86,5.886,1.327,1.419,1.088,0.445,0.069,0.14,1.398,2019
212,61,5.86,0.642,1.236,0.828,0.507,0.246,0.078,2.323,2019
213,88,5.809,1.173,1.508,0.729,0.41,0.146,0.096,1.747,2019
214,22,5.779,0.776,1.209,0.706,0.511,0.137,0.064,2.376,2019
215,65,5.758,1.201,1.41,0.828,0.199,0.081,0.02,2.019,2019
216,129,5.743,0.855,1.475,0.777,0.514,0.184,0.08,1.858,2019
217,124,5.718,1.263,1.252,1.042,0.417,0.191,0.162,1.391,2019
218,130,5.697,0.96,1.274,0.854,0.455,0.083,0.027,2.044,2019
219,133,5.693,1.221,1.431,0.999,0.508,0.047,0.025,1.462,2019
220,126,5.653,0.677,0.886,0.535,0.313,0.22,0.098,2.924,2019
221,137,5.648,1.183,1.452,0.726,0.334,0.082,0.031,1.84,2019
222,131,5.631,0.807,1.293,0.657,0.558,0.117,0.107,2.092,2019
223,141,5.603,1.004,1.383,0.854,0.282,0.137,0.039,1.904,2019
224,111,5.529,0.685,1.328,0.739,0.245,0.181,0,2.351,2019
225,98,5.525,1.044,1.303,0.673,0.416,0.133,0.152,1.804,2019
226,113,5.523,1.051,1.361,0.871,0.197,0.142,0.08,1.821,2019
227,159,5.467,0.493,1.098,0.718,0.389,0.23,0.144,2.395,2019
228,44,5.432,1.155,1.266,0.914,0.296,0.119,0.022,1.66,2019
229,44,5.43,1.438,1.277,1.122,0.44,0.258,0.287,0.608,2019
230,51,5.425,1.015,1.401,0.779,0.497,0.113,0.101,1.519,2019
231,23,5.386,0.945,1.212,0.845,0.212,0.263,0.006,1.903,2019
232,165,5.373,1.183,1.36,0.808,0.195,0.083,0.106,1.638,2019
233,104,5.339,1.221,1.171,0.828,0.508,0.26,0.024,1.327,2019
234,16,5.323,1.067,1.465,0.789,0.235,0.094,0.142,1.531,2019
235,54,5.287,1.181,1.156,0.999,0.067,0,0.034,1.85,2019
236,112,5.285,0.948,1.531,0.667,0.317,0.235,0.038,1.549,2019
237,189,5.274,0.983,1.294,0.838,0.345,0.185,0.034,1.595,2019
238,123,5.265,0.696,1.111,0.245,0.426,0.215,0.041,2.531,2019
239,92,5.261,0.551,1.438,0.723,0.508,0.3,0.023,1.718,2019
240,166,5.247,1.052,1.538,0.657,0.394,0.244,0.028,1.334,2019
241,3,5.211,1.002,1.16,0.785,0.086,0.073,0.114,1.991,2019
242,114,5.208,0.801,0.782,0.782,0.418,0.036,0.076,2.313,2019
243,11,5.208,1.043,1.147,0.769,0.351,0.035,0.182,1.681,2019
244,95,5.197,0.987,1.224,0.815,0.216,0.166,0.027,1.762,2019
245,71,5.192,0.931,1.203,0.66,0.491,0.498,0.028,1.381,2019
246,37,5.191,1.029,1.125,0.893,0.521,0.058,0.1,1.465,2019
247,175,5.175,0.741,1.346,0.851,0.543,0.147,0.073,1.474,2019
248,21,5.082,0.813,1.321,0.604,0.457,0.37,0.167,1.35,2019
249,31,5.044,0.549,0.91,0.331,0.381,0.187,0.037,2.649,2019
250,27,5.011,1.092,1.513,0.815,0.311,0.081,0.004,1.195,2019
251,83,4.996,0.611,0.868,0.486,0.381,0.245,0.04,2.365,2019
252,84,4.944,0.569,0.808,0.232,0.352,0.154,0.09,2.739,2019
253,118,4.913,0.446,1.226,0.677,0.439,0.285,0.089,1.751,2019
254,87,4.906,0.837,1.225,0.815,0.383,0.11,0.13,1.406,2019
255,19,4.883,0.393,0.437,0.397,0.349,0.175,0.082,3.05,2019
256,41,4.812,0.673,0.799,0.508,0.372,0.105,0.093,2.262,2019
257,76,4.799,1.057,1.183,0.571,0.295,0.043,0.055,1.595,2019
258,93,4.796,0.764,1.03,0.551,0.547,0.266,0.164,1.474,2019
259,147,4.722,0.96,1.351,0.469,0.389,0.13,0.055,1.368,2019
260,2,4.719,0.947,0.848,0.874,0.383,0.178,0.027,1.462,2019
261,174,4.707,0.96,1.427,0.805,0.154,0.064,0.047,1.25,2019
262,30,4.7,0.574,1.122,0.637,0.609,0.232,0.062,1.464,2019
263,127,4.696,0.657,1.247,0.672,0.225,0.103,0.066,1.726,2019
264,140,4.681,0.45,1.134,0.571,0.292,0.153,0.072,2.009,2019
265,146,4.668,0,0.698,0.268,0.559,0.243,0.27,2.63,2019
266,117,4.639,0.879,1.313,0.477,0.401,0.07,0.056,1.443,2019
267,122,4.628,0.138,0.774,0.366,0.318,0.188,0.102,2.742,2019
268,28,4.587,0.331,1.056,0.38,0.255,0.177,0.113,2.275,2019
269,8,4.559,0.85,1.055,0.815,0.283,0.095,0.064,1.397,2019
270,73,4.548,1.1,0.842,0.785,0.305,0.27,0.125,1.121,2019
271,58,4.534,0.38,0.829,0.375,0.332,0.207,0.086,2.325,2019
272,79,4.519,0.886,0.666,0.752,0.346,0.043,0.164,1.662,2019
273,77,4.516,0.308,0.939,0.428,0.382,0.269,0.167,2.023,2019
274,89,4.509,0.512,0.983,0.581,0.431,0.372,0.053,1.577,2019
275,108,4.49,0.57,1.167,0.489,0.066,0.106,0.088,2.004,2019
276,115,4.466,0.204,0.986,0.39,0.494,0.197,0.138,2.057,2019
277,164,4.461,0.921,1,0.815,0.167,0.059,0.055,1.444,2019
278,14,4.456,0.562,0.928,0.723,0.527,0.166,0.143,1.407,2019
279,75,4.437,1.043,0.98,0.574,0.241,0.148,0.089,1.362,2019
280,42,4.418,0.094,1.125,0.357,0.269,0.212,0.053,2.308,2019
281,106,4.39,0.385,1.105,0.308,0.327,0.153,0.052,2.06,2019
282,142,4.374,0.268,0.841,0.242,0.309,0.252,0.045,2.417,2019
283,151,4.366,0.949,1.265,0.831,0.47,0.244,0.047,0.56,2019
284,116,4.36,0.71,1.181,0.555,0.525,0.566,0.172,0.651,2019
285,35,4.35,0.35,0.766,0.192,0.174,0.198,0.078,2.592,2019
286,168,4.332,0.82,1.39,0.739,0.178,0.187,0.01,1.008,2019
287,67,4.286,0.336,1.033,0.532,0.344,0.209,0.1,1.732,2019
288,154,4.212,0.811,1.149,0,0.313,0.074,0.135,1.73,2019
289,167,4.189,0.332,1.069,0.443,0.356,0.252,0.06,1.677,2019
290,56,4.166,0.913,1.039,0.644,0.241,0.076,0.067,1.186,2019
291,177,4.107,0.578,1.058,0.426,0.431,0.247,0.087,1.28,2019
292,162,4.085,0.275,0.572,0.41,0.293,0.177,0.085,2.273,2019
293,69,4.015,0.755,0.765,0.588,0.498,0.2,0.085,1.124,2019
294,97,3.975,0.073,0.922,0.443,0.37,0.233,0.033,1.901,2019
295,39,3.973,0.274,0.757,0.505,0.142,0.275,0.078,1.942,2019
296,102,3.933,0.274,0.916,0.555,0.148,0.169,0.041,1.83,2019
297,96,3.802,0.489,1.169,0.168,0.359,0.107,0.093,1.417,2019
298,29,3.775,0.046,0.447,0.38,0.22,0.176,0.18,2.326,2019
299,178,3.663,0.366,1.114,0.433,0.361,0.151,0.089,1.149,2019
300,59,3.597,0.323,0.688,0.449,0.026,0.419,0.11,1.582,2019
301,24,3.488,1.041,1.145,0.538,0.455,0.025,0.1,0.184,2019
302,157,3.462,0.619,0.378,0.44,0.013,0.331,0.141,1.54,2019
303,103,3.41,0.191,0.56,0.495,0.443,0.218,0.089,1.414,2019
304,176,3.38,0.287,1.163,0.463,0.143,0.108,0.077,1.139,2019
305,138,3.334,0.359,0.711,0.614,0.555,0.217,0.411,0.467,2019
306,160,3.231,0.476,0.885,0.499,0.417,0.276,0.147,0.531,2019
307,1,3.203,0.35,0.517,0.361,0,0.158,0.025,1.792,2019
308,34,3.083,0.026,0,0.105,0.225,0.235,0.035,2.457,2019
309,149,2.853,0.306,0.575,0.295,0.01,0.202,0.091,1.374,2019
310,72,7.632,1.305,1.592,0.874,0.681,0.202,2.978,0.393,2018
311,125,7.594,1.456,1.582,0.861,0.686,0.286,2.723,0.34,2018
312,48,7.555,1.351,1.59,0.868,0.683,0.284,2.779,0.408,2018
313,68,7.495,1.343,1.644,0.914,0.677,0.353,2.564,0.138,2018
314,156,7.487,1.42,1.549,0.927,0.66,0.256,2.675,0.357,2018
315,119,7.441,1.361,1.488,0.878,0.638,0.333,2.743,0.295,2018
316,32,7.328,1.33,1.532,0.896,0.653,0.321,2.596,0.291,2018
317,120,7.324,1.268,1.601,0.876,0.669,0.365,2.545,0.389,2018
318,155,7.314,1.355,1.501,0.913,0.659,0.285,2.601,0.383,2018
319,9,7.272,1.34,1.573,0.91,0.647,0.361,2.441,0.302,2018
320,170,7.19,1.244,1.433,0.888,0.464,0.262,2.899,0.082,2018
321,10,7.139,1.341,1.504,0.891,0.617,0.242,2.544,0.224,2018
322,43,7.072,1.01,1.459,0.817,0.632,0.143,3.011,0.101,2018
323,78,6.977,1.448,1.583,0.876,0.614,0.307,2.149,0.306,2018
324,81,6.965,1.34,1.474,0.861,0.586,0.273,2.431,0.28,2018
325,17,6.927,1.324,1.483,0.894,0.583,0.188,2.455,0.24,2018
326,100,6.91,1.576,1.52,0.896,0.632,0.196,2.09,0.321,2018
327,171,6.886,1.398,1.471,0.819,0.547,0.291,2.36,0.133,2018
328,80,6.814,1.301,1.559,0.883,0.533,0.354,2.184,0.272,2018
329,169,6.774,2.096,0.776,0.67,0.284,0.186,2.762,0,2018
330,47,6.711,1.233,1.489,0.854,0.543,0.064,2.528,0.034,2018
331,107,6.627,1.27,1.525,0.884,0.645,0.376,1.927,0.142,2018
332,74,6.489,1.293,1.466,0.908,0.52,0.098,2.204,0.176,2018
333,110,6.488,1.038,1.252,0.761,0.479,0.069,2.889,0.095,2018
334,36,6.476,1.131,1.331,0.808,0.431,0.197,2.578,0.061,2018
335,158,6.441,1.365,1.436,0.857,0.418,0.151,2.214,0.078,2018
336,128,6.43,1.112,1.438,0.759,0.597,0.125,2.399,0.063,2018
337,25,6.419,0.986,1.474,0.675,0.493,0.11,2.681,0.088,2018
338,7,6.388,1.073,1.468,0.744,0.57,0.062,2.471,0.054,2018
339,55,6.382,0.781,1.268,0.608,0.604,0.179,2.942,0.071,2018
340,172,6.379,1.093,1.459,0.771,0.625,0.13,2.301,0.155,2018
341,135,6.374,1.649,1.303,0.748,0.654,0.256,1.764,0.171,2018
342,139,6.371,1.379,1.331,0.633,0.509,0.098,2.421,0.127,2018
343,143,6.343,1.529,1.451,1.008,0.631,0.261,1.463,0.457,2018
344,104,6.322,1.161,1.258,0.669,0.356,0.311,2.567,0.059,2018
345,150,6.31,1.251,1.538,0.965,0.449,0.142,1.965,0.074,2018
346,38,6.26,0.96,1.439,0.635,0.531,0.099,2.596,0.039,2018
347,216,6.192,1.223,1.492,0.564,0.575,0.171,2.167,0.019,2018
348,144,6.173,1.21,1.537,0.776,0.354,0.118,2.178,0.014,2018
349,57,6.167,0.806,1.231,0.639,0.461,0.065,2.965,0.082,2018
350,121,6.141,0.668,1.319,0.7,0.527,0.208,2.719,0.128,2018
351,132,6.123,1.176,1.448,0.781,0.546,0.108,2.064,0.064,2018
352,13,6.105,1.338,1.366,0.698,0.594,0.243,1.866,0.123,2018
353,173,6.096,0.719,1.584,0.605,0.724,0.328,2.136,0.259,2018
354,91,6.083,1.474,1.301,0.675,0.554,0.167,1.912,0.106,2018
355,161,6.072,1.016,1.417,0.707,0.637,0.364,1.931,0.029,2018
356,82,6,1.264,1.501,0.946,0.281,0.137,1.871,0.028,2018
357,53,5.973,0.889,1.33,0.736,0.556,0.114,2.348,0.12,2018
358,18,5.956,0.807,1.101,0.474,0.593,0.183,2.798,0.089,2018
359,99,5.952,1.197,1.527,0.716,0.35,0.026,2.136,0.006,2018
360,145,5.948,1.219,1.506,0.856,0.633,0.16,1.574,0.051,2018
361,136,5.945,1.116,1.219,0.726,0.528,0.088,2.268,0.001,2018
362,94,5.933,1.148,1.454,0.671,0.363,0.092,2.205,0.066,2018
363,86,5.915,1.294,1.462,0.988,0.553,0.079,1.539,0.15,2018
364,109,5.891,1.09,1.387,0.684,0.584,0.245,1.901,0.05,2018
365,85,5.89,0.819,1.493,0.693,0.575,0.096,2.214,0.031,2018
366,148,5.875,1.266,1.204,0.955,0.244,0.175,2.031,0.051,2018
367,124,5.835,1.229,1.211,0.909,0.495,0.179,1.812,0.154,2018
368,137,5.81,1.151,1.479,0.599,0.399,0.065,2.117,0.025,2018
369,88,5.79,1.143,1.516,0.631,0.454,0.148,1.898,0.121,2018
370,46,5.762,1.229,1.191,0.909,0.423,0.202,1.808,0.035,2018
371,22,5.752,0.751,1.223,0.508,0.606,0.141,2.523,0.054,2018
372,63,5.739,1.2,1.532,0.737,0.553,0.086,1.631,0.174,2018
373,129,5.681,0.835,1.522,0.615,0.541,0.162,2.006,0.074,2018
374,130,5.663,0.934,1.249,0.674,0.53,0.092,2.184,0.034,2018
375,90,5.662,0.855,1.23,0.578,0.448,0.274,2.277,0.023,2018
376,111,5.64,0.657,1.301,0.62,0.232,0.171,2.659,0,2018
377,166,5.636,1.016,1.533,0.517,0.417,0.199,1.954,0.037,2018
378,65,5.62,1.171,1.401,0.732,0.259,0.061,1.996,0.022,2018
379,98,5.566,0.985,1.35,0.553,0.496,0.116,2.066,0.148,2018
380,131,5.524,0.775,1.312,0.513,0.643,0.12,2.161,0.105,2018
381,61,5.504,0.62,1.205,0.622,0.459,0.197,2.401,0.074,2018
382,16,5.483,1.039,1.498,0.7,0.307,0.101,1.838,0.154,2018
383,165,5.483,1.148,1.38,0.686,0.324,0.106,1.839,0.109,2018
384,126,5.472,0.652,0.81,0.424,0.334,0.216,3.036,0.113,2018
385,64,5.43,1.405,1.29,1.03,0.524,0.246,0.935,0.291,2018
386,133,5.41,1.188,1.429,0.884,0.562,0.055,1.292,0.017,2018
387,141,5.398,0.975,1.369,0.685,0.288,0.134,1.947,0.043,2018
388,54,5.358,1.154,1.202,0.879,0.131,0,1.992,0.044,2018
389,95,5.358,0.965,1.179,0.785,0.503,0.214,1.712,0.136,2018
390,113,5.347,1.017,1.279,0.729,0.259,0.111,1.952,0.081,2018
391,44,5.321,1.115,1.161,0.737,0.38,0.12,1.808,0.039,2018
392,51,5.302,0.982,1.441,0.614,0.578,0.12,1.567,0.106,2018
393,3,5.295,0.979,1.154,0.687,0.077,0.055,2.343,0.135,2018
394,114,5.254,0.779,0.797,0.669,0.46,0.026,2.523,0.074,2018
395,37,5.246,0.989,1.142,0.799,0.597,0.029,1.69,0.103,2018
396,11,5.201,1.024,1.161,0.603,0.43,0.031,1.952,0.176,2018
397,159,5.199,0.474,1.166,0.598,0.292,0.187,2.482,0.034,2018
398,101,5.185,0.959,1.239,0.691,0.394,0.173,1.729,0.052,2018
399,87,5.161,0.822,1.265,0.645,0.468,0.13,1.831,0.134,2018
400,123,5.155,0.689,1.172,0.048,0.462,0.201,2.583,0.032,2018
401,92,5.131,0.53,1.416,0.594,0.54,0.281,1.77,0.035,2018
402,23,5.129,0.915,1.078,0.758,0.28,0.216,1.882,0,2018
403,112,5.125,0.914,1.517,0.575,0.395,0.253,1.471,0.032,2018
404,175,5.103,0.715,1.365,0.702,0.618,0.177,1.526,0.079,2018
405,71,5.093,0.899,1.215,0.522,0.538,0.484,1.435,0.018,2018
406,21,5.082,0.796,1.335,0.527,0.541,0.364,1.519,0.171,2018
407,146,4.982,0,0.712,0.115,0.674,0.238,3.243,0.282,2018
408,31,4.975,0.535,0.891,0.182,0.454,0.183,2.73,0.043,2018
409,27,4.933,1.054,1.515,0.712,0.359,0.064,1.229,0.009,2018
410,118,4.88,0.425,1.228,0.539,0.526,0.302,1.86,0.078,2018
411,174,4.806,0.996,1.469,0.657,0.133,0.056,1.495,0.052,2018
412,76,4.758,1.036,1.164,0.404,0.356,0.032,1.766,0.052,2018
413,127,4.743,0.642,1.217,0.602,0.266,0.086,1.93,0.076,2018
414,147,4.724,0.94,1.41,0.33,0.516,0.103,1.425,0.056,2018
415,73,4.707,1.059,0.771,0.691,0.459,0.282,1.445,0.129,2018
416,84,4.671,0.541,0.872,0.08,0.467,0.146,2.565,0.103,2018
417,83,4.657,0.592,0.896,0.337,0.499,0.212,2.121,0.029,2018
418,140,4.631,0.429,1.117,0.433,0.406,0.138,2.108,0.082,2018
419,93,4.623,0.72,1.034,0.441,0.626,0.23,1.572,0.174,2018
420,164,4.592,0.9,0.906,0.69,0.271,0.04,1.785,0.063,2018
421,2,4.586,0.916,0.817,0.79,0.419,0.149,1.495,0.032,2018
422,142,4.571,0.256,0.813,0,0.355,0.238,2.909,0.053,2018
423,41,4.559,0.682,0.811,0.343,0.514,0.091,2.118,0.077,2018
424,14,4.5,0.532,0.85,0.579,0.58,0.153,1.806,0.144,2018
425,151,4.471,0.918,1.314,0.672,0.585,0.307,0.675,0.05,2018
426,75,4.456,1.01,0.971,0.536,0.304,0.148,1.487,0.095,2018
427,106,4.447,0.37,1.233,0.152,0.367,0.139,2.186,0.056,2018
428,117,4.441,0.874,1.281,0.365,0.519,0.051,1.351,0.064,2018
429,30,4.433,0.549,1.088,0.457,0.696,0.256,1.387,0.065,2018
430,28,4.424,0.314,1.097,0.254,0.312,0.175,2.272,0.128,2018
431,56,4.419,0.885,1.025,0.553,0.312,0.092,1.552,0.107,2018
432,115,4.417,0.198,0.902,0.173,0.531,0.206,2.407,0.158,2018
433,89,4.41,0.493,1.048,0.454,0.504,0.352,1.559,0.055,2018
434,177,4.377,0.562,1.047,0.295,0.503,0.221,1.749,0.082,2018
435,108,4.356,0.557,1.245,0.292,0.129,0.134,1.999,0.093,2018
436,67,4.35,0.308,0.95,0.391,0.452,0.22,2.029,0.146,2018
437,79,4.34,0.853,0.592,0.643,0.375,0.038,1.839,0.215,2018
438,8,4.321,0.816,0.99,0.666,0.26,0.077,1.512,0.028,2018
439,116,4.308,0.682,1.174,0.429,0.58,0.598,0.845,0.178,2018
440,35,4.301,0.358,0.907,0.053,0.189,0.181,2.613,0.06,2018
441,42,4.245,0.069,1.136,0.204,0.312,0.197,2.327,0.052,2018
442,69,4.19,0.721,0.747,0.485,0.539,0.172,1.526,0.093,2018
443,122,4.166,0.131,0.867,0.221,0.39,0.175,2.382,0.099,2018
444,167,4.161,0.322,1.09,0.237,0.45,0.259,1.803,0.061,2018
445,19,4.141,0.378,0.372,0.24,0.44,0.163,2.548,0.067,2018
446,152,4.139,0.605,1.24,0.312,0.016,0.134,1.832,0.082,2018
447,168,4.103,0.793,1.413,0.609,0.163,0.187,0.938,0.011,2018
448,162,3.999,0.259,0.474,0.253,0.434,0.158,2.421,0.101,2018
449,58,3.964,0.344,0.792,0.211,0.394,0.185,2.038,0.094,2018
450,96,3.808,0.472,1.215,0.079,0.423,0.116,1.503,0.112,2018
451,5,3.795,0.73,1.125,0.269,0,0.079,1.592,0.061,2018
452,102,3.774,0.262,0.908,0.402,0.221,0.155,1.826,0.049,2018
453,178,3.692,0.357,1.094,0.248,0.406,0.132,1.455,0.099,2018
454,1,3.632,0.332,0.537,0.255,0.085,0.191,2.232,0.036,2018
455,24,3.59,1.017,1.174,0.417,0.557,0.042,0.383,0.092,2018
456,103,3.587,0.186,0.541,0.306,0.531,0.21,1.813,0.08,2018
457,59,3.582,0.315,0.714,0.289,0.025,0.392,1.847,0.104,2018
458,97,3.495,0.076,0.858,0.267,0.419,0.206,1.669,0.03,2018
459,157,3.462,0.689,0.382,0.539,0.088,0.376,1.388,0.144,2018
460,138,3.408,0.332,0.896,0.4,0.636,0.2,0.944,0.444,2018
461,176,3.355,0.442,1.073,0.343,0.244,0.083,1.17,0.064,2018
462,160,3.303,0.455,0.991,0.381,0.481,0.27,0.725,0.097,2018
463,149,3.254,0.337,0.608,0.177,0.112,0.224,1.796,0.106,2018
464,34,3.083,0.024,0,0.01,0.305,0.218,2.526,0.038,2018
465,29,2.905,0.091,0.627,0.145,0.065,0.149,1.828,0.076,2018
466,125,7.537000179,1.616463184,1.53352356,0.796666503,0.635422587,0.362012237,0.315963835,2.277026653,2017
467,48,7.521999836,1.482383013,1.551121593,0.792565525,0.626006722,0.355280489,0.400770068,2.313707352,2017
468,68,7.504000187,1.48063302,1.610574007,0.833552122,0.627162635,0.475540221,0.153526559,2.322715282,2017
469,156,7.493999958,1.564979553,1.516911745,0.858131289,0.620070577,0.290549278,0.367007285,2.276716232,2017
470,72,7.468999863,1.443571925,1.540246725,0.80915767,0.617950857,0.245482773,0.382611543,2.430181503,2017
471,119,7.376999855,1.503944635,1.428939223,0.810696125,0.585384488,0.47048983,0.282661825,2.294804096,2017
472,32,7.315999985,1.479204416,1.481348991,0.834557652,0.611100912,0.435539722,0.287371516,2.187264442,2017
473,120,7.31400013,1.405706048,1.548195124,0.816759706,0.61406213,0.500005126,0.382816702,2.046456337,2017
474,155,7.28399992,1.494387269,1.478162169,0.830875158,0.612924099,0.385399252,0.384398729,2.097537994,2017
475,9,7.28399992,1.484414935,1.510041952,0.843886793,0.601607382,0.47769925,0.30118373,2.065210819,2017
476,80,7.212999821,1.375382423,1.376289964,0.838404,0.405988604,0.330082655,0.0852421,2.801757336,2017
477,43,7.078999996,1.109706283,1.416403651,0.759509265,0.58013165,0.214613229,0.100106589,2.898639202,2017
478,10,7.006000042,1.487097263,1.459944963,0.815328419,0.56776619,0.316472322,0.221060365,2.138506413,2017
479,171,6.993000031,1.546259284,1.419920564,0.774286628,0.505740523,0.392578781,0.135638788,2.218113422,2017
480,78,6.977000237,1.535706639,1.558231115,0.809782624,0.573110342,0.427858323,0.298388153,1.773869038,2017
481,81,6.951000214,1.487923384,1.472520351,0.798950732,0.562511384,0.33626917,0.276731938,2.015769958,2017
482,17,6.890999794,1.463780761,1.462312698,0.818091869,0.539770722,0.231503338,0.251343131,2.124210358,2017
483,100,6.862999916,1.741943598,1.457583666,0.845089495,0.596627891,0.283180982,0.318834424,1.619512081,2017
484,170,6.714000225,1.44163394,1.49646008,0.805335939,0.508190036,0.492774159,0.265428066,1.704143524,2017
485,36,6.65199995,1.25278461,1.284024954,0.819479704,0.376895279,0.326662421,0.082287982,2.509585857,2017
486,169,6.647999763,1.626343369,1.266410232,0.726798236,0.60834527,0.360941947,0.324489564,1.734703541,2017
487,25,6.635000229,1.10735321,1.431306005,0.616552353,0.437453747,0.162349895,0.111092761,2.769267082,2017
488,47,6.609000206,1.352682352,1.433885217,0.754444003,0.490946174,0.088106759,0.036872927,2.451861858,2017
489,7,6.598999977,1.185295463,1.440451145,0.695137084,0.494519204,0.109457061,0.059739888,2.614005327,2017
490,110,6.578000069,1.153183818,1.21086216,0.709978998,0.412730008,0.120990433,0.132774115,2.837154865,2017
491,143,6.572000027,1.69227767,1.353814363,0.949492395,0.549840569,0.345965981,0.464307785,1.216362,2017
492,107,6.52699995,1.343279839,1.488411665,0.821944237,0.588767052,0.574730575,0.153066069,1.556862831,2017
493,172,6.453999996,1.217559695,1.412227869,0.719216824,0.579392254,0.175096929,0.178061873,2.172409534,2017
494,55,6.453999996,0.872001946,1.255585194,0.54023999,0.531310618,0.283488393,0.077223279,2.893891096,2017
495,128,6.452000141,1.233748436,1.373192549,0.706156135,0.550026834,0.210556939,0.070983924,2.307199955,2017
496,74,6.441999912,1.430923462,1.387776852,0.844465852,0.470222116,0.129762307,0.172502428,2.005954742,2017
497,161,6.423999786,1.127868772,1.425792456,0.647239029,0.580200732,0.57212311,0.031612735,2.039508343,2017
498,158,6.421999931,1.433626533,1.384565353,0.793984234,0.361466587,0.258360475,0.063829236,2.126607418,2017
499,150,6.402999878,1.384397864,1.532090902,0.8889606,0.40878123,0.190133572,0.070914097,1.92775774,2017
500,135,6.375,1.870765686,1.27429688,0.710098088,0.604130983,0.33047387,0.439299256,1.14546442,2017
501,38,6.356999874,1.070622325,1.402182937,0.595027924,0.477487415,0.149014473,0.046668742,2.616068125,2017
502,139,6.343999863,1.530623555,1.286677599,0.59014833,0.449750572,0.147616014,0.273432255,2.065429688,2017
503,163,6.168000221,1.361355901,1.380228519,0.519983292,0.518630743,0.325296462,0.008964816,2.053247452,2017
504,91,6.105000019,1.632952452,1.259698749,0.632105708,0.496337593,0.228289798,0.21515955,1.640425205,2017
505,144,6.09800005,1.325393558,1.505059242,0.712732911,0.295817465,0.136544481,0.024210852,2.097776651,2017
506,13,6.086999893,1.488412261,1.323110461,0.653133035,0.536746919,0.172668487,0.25704217,1.656149387,2017
507,104,6.084000111,1.29121542,1.284646034,0.618784428,0.402264982,0.41660893,0.065600708,2.004448891,2017
508,121,6.071000099,0.737299204,1.28721571,0.653095961,0.447551847,0.301674217,0.130687982,2.513930559,2017
509,53,6.007999897,1.000820398,1.286168814,0.685636222,0.455198199,0.150112465,0.140134647,2.290352583,2017
510,57,6.002999783,0.909784496,1.182125092,0.596018553,0.43245253,0.078257985,0.08998096,2.714593887,2017
511,132,5.97300005,1.291787863,1.44571197,0.699475348,0.520342112,0.158465967,0.059307806,1.797722816,2017
512,173,5.971000195,0.786441088,1.54896915,0.498272628,0.658248663,0.415983647,0.246528223,1.816913605,2017
513,82,5.964000225,1.395066619,1.444923282,0.853144348,0.256450713,0.172789648,0.028028091,1.813312054,2017
514,137,5.962999821,1.281778097,1.469282389,0.547349334,0.373783112,0.052263822,0.032962881,2.205607414,2017
515,18,5.955999851,0.907975316,1.081417799,0.450191766,0.547509372,0.240015641,0.096581072,2.631955624,2017
516,86,5.920000076,1.416915178,1.436337829,0.913475871,0.505625546,0.120572768,0.163760737,1.363223553,2017
517,99,5.90199995,1.314582348,1.473516107,0.62894994,0.234231785,0.010164657,0.011865643,2.228440523,2017
518,3,5.872000217,1.091864467,1.146217465,0.617584646,0.233335808,0.069436647,0.14609611,2.567603827,2017
519,94,5.849999905,1.260748625,1.404714942,0.638566971,0.325707912,0.153074786,0.073842727,1.993655205,2017
520,148,5.837999821,1.401678443,1.128274441,0.900214076,0.257921666,0.206674367,0.063282669,1.880378008,2017
521,111,5.837999821,0.72887063,1.251825571,0.589465201,0.240729049,0.208779126,0.010091286,2.807808399,2017
522,136,5.824999809,1.217683911,1.15009129,0.685158312,0.457003742,0.133519918,0.004387901,2.176831484,2017
523,22,5.822999954,0.833756566,1.227619052,0.47363025,0.558732927,0.225560725,0.060477726,2.443279028,2017
524,166,5.822000027,1.130776763,1.493149161,0.43772608,0.418271929,0.249924988,0.25927034,1.832909822,2017
525,88,5.818999767,1.28455627,1.384369016,0.606041551,0.437454283,0.201964423,0.119282886,1.784892559,2017
526,216,5.809999943,1.346911311,1.186303377,0.834647238,0.471203625,0.266845703,0.155353352,1.549157619,2017
527,145,5.757999897,1.341205955,1.452518821,0.790828228,0.572575808,0.242649093,0.045128979,1.313317299,2017
528,130,5.715000153,1.035225272,1.218770385,0.630166113,0.450002879,0.126819715,0.047049087,2.20726943,2017
529,109,5.629000187,1.189395547,1.20956099,0.638007462,0.491247326,0.360933751,0.042181555,1.697583914,2017
530,46,5.620999813,1.355938077,1.131363273,0.844714701,0.355111539,0.271254301,0.041237976,1.621249199,2017
531,63,5.611000061,1.32087934,1.4766711,0.695168316,0.47913143,0.098890811,0.183248922,1.357508659,2017
532,16,5.568999767,1.15655756,1.444945216,0.637714267,0.295400262,0.155137509,0.156313822,1.723232985,2017
533,98,5.525000095,1.101803064,1.35756433,0.52016902,0.46573323,0.152073666,0.09261021,1.835011244,2017
534,165,5.5,1.198274374,1.337753177,0.637605608,0.3007406,0.046693042,0.09967158,1.879277945,2017
535,129,5.493000031,0.932537317,1.50728488,0.579250693,0.473507792,0.224150658,0.091065913,1.68533349,2017
536,64,5.472000122,1.551674843,1.262790918,0.943062425,0.490968645,0.374465793,0.293933749,0.554633141,2017
537,131,5.429999828,0.857699215,1.253917575,0.468009055,0.585214674,0.193513423,0.099331893,1.972604752,2017
538,141,5.394999981,1.069317579,1.258189797,0.650784671,0.208715528,0.220125884,0.040903781,1.947084427,2017
539,87,5.335999966,0.991012394,1.239088893,0.604590058,0.418421149,0.17217046,0.119803272,1.791176558,2017
540,65,5.323999882,1.286011934,1.343133092,0.687763453,0.175863519,0.078401662,0.036636937,1.716459274,2017
541,85,5.31099987,0.925579309,1.368218064,0.641022384,0.474307239,0.233818337,0.055267781,1.612325668,2017
542,44,5.293000221,1.222556233,0.967983007,0.701288521,0.255772293,0.248002976,0.04310311,1.854492426,2017
543,90,5.278999805,0.951484382,1.137853503,0.54145205,0.260287941,0.319931448,0.057471618,2.010540724,2017
544,37,5.272999763,1.081165791,1.160837412,0.741415501,0.472787708,0.028806841,0.022794275,1.764938593,2017
545,126,5.269000053,0.726883531,0.67269069,0.402047783,0.235215262,0.315446019,0.124348067,2.79248929,2017
546,71,5.262000084,0.995538592,1.274444699,0.492345721,0.443323463,0.611704588,0.015317135,1.429476976,2017
547,174,5.25,1.128431201,1.431337595,0.617144227,0.153997123,0.06501963,0.064491123,1.789463758,2017
548,113,5.236999989,1.121129036,1.238376498,0.667464674,0.194989055,0.197911024,0.088174194,1.729191542,2017
549,114,5.235000134,0.878114581,0.774864435,0.597710669,0.408158332,0.032209955,0.087763183,2.456189394,2017
550,11,5.234000206,1.153601766,1.152400255,0.540775776,0.398155838,0.04526934,0.180987507,1.762481689,2017
551,51,5.230000019,1.079373837,1.402416706,0.574873745,0.552589834,0.18696785,0.113945253,1.31946516,2017
552,54,5.227000237,1.289487481,1.239414573,0.810198903,0.095731251,0,0.043289777,1.749221563,2017
553,95,5.224999905,1.074987531,1.129624248,0.735081077,0.288515985,0.264450759,0.03751383,1.695073843,2017
554,133,5.195000172,1.315175295,1.367043018,0.795843542,0.4984653,0.095102713,0.015869452,1.107682705,2017
555,23,5.18200016,0.982409418,1.069335938,0.705186307,0.204403177,0.328867495,0,1.892172575,2017
556,61,5.181000233,0.730573118,1.143944979,0.58256948,0.34807986,0.236188874,0.073345453,2.065811157,2017
557,101,5.175000191,1.064577937,1.207893014,0.644948184,0.325905979,0.253760964,0.060277794,1.617469311,2017
558,146,5.151000023,0.022643184,0.721151352,0.113989137,0.602126956,0.291631311,0.282410324,3.11748457,2017
559,175,5.073999882,0.788547575,1.277491331,0.652168989,0.571055591,0.234968051,0.087633237,1.462318659,2017
560,123,5.073999882,0.783756256,1.215770483,0.05691573,0.394952565,0.230947196,0.026121566,2.365390539,2017
561,159,5.040999889,0.524713635,1.271463275,0.529235125,0.471566707,0.248997644,0.146377146,1.84904933,2017
562,21,5.011000156,0.885416389,1.340126514,0.495879292,0.501537681,0.474054545,0.17338039,1.140184402,2017
563,92,5.004000187,0.596220076,1.394238591,0.553457797,0.454943389,0.428580374,0.039439179,1.536723137,2017
564,118,4.961999893,0.479820192,1.179283261,0.504130781,0.440305948,0.394096166,0.072975546,1.891241074,2017
565,112,4.954999924,1.027235866,1.493011236,0.557783484,0.394143969,0.33846423,0.032902289,1.111292362,2017
566,147,4.828999996,1.054698706,1.384788632,0.18708007,0.479246736,0.13936238,0.072509497,1.510908604,2017
567,164,4.804999828,1.007265806,0.86835146,0.613212049,0.28968069,0.049693357,0.086723149,1.89025116,2017
568,127,4.775000095,0.716249228,1.155647159,0.565666974,0.254711062,0.114173174,0.089282602,1.878890276,2017
569,56,4.735000134,0.989701807,0.997471392,0.520187259,0.282110155,0.128631443,0.114381365,1.702161074,2017
570,27,4.714000225,1.161459088,1.434379458,0.70821768,0.289231718,0.113177694,0.011051531,0.996139288,2017
571,142,4.709000111,0.368420929,0.984136045,0.005564754,0.318697691,0.293040901,0.071095176,2.668459892,2017
572,31,4.695000172,0.564305365,0.946018219,0.132892117,0.430388749,0.236298457,0.051306631,2.333645582,2017
573,73,4.691999912,1.156873107,0.711551249,0.639333189,0.249322608,0.387242913,0.048761073,1.498734951,2017
574,2,4.644000053,0.996192753,0.803685248,0.731159747,0.381498635,0.201312944,0.039864216,1.490441561,2017
575,14,4.607999802,0.586682975,0.735131741,0.533241034,0.478356659,0.172255352,0.123717859,1.978736162,2017
576,117,4.573999882,0.964434326,1.098470807,0.338611811,0.520303547,0.077133745,0.093146972,1.481890202,2017
577,89,4.552999973,0.560479462,1.067950726,0.30998835,0.452763766,0.444860309,0.064641319,1.651902199,2017
578,115,4.550000191,0.23430565,0.870701015,0.106654435,0.480791092,0.322228104,0.179436386,2.355650902,2017
579,116,4.545000076,0.36711055,1.123235941,0.397522569,0.514492035,0.838075161,0.188816205,1.115290403,2017
580,140,4.534999847,0.479309022,1.179691911,0.409362853,0.377922267,0.183468893,0.115460448,1.789646149,2017
581,177,4.513999939,0.636406779,1.003187299,0.257835895,0.461603492,0.249580145,0.07821355,1.826705456,2017
582,75,4.497000217,1.102710485,0.978613198,0.50118047,0.288555533,0.199637264,0.107215755,1.318907261,2017
583,76,4.465000153,1.198210239,1.155620217,0.356578588,0.312328577,0.043785378,0.076046787,1.322916269,2017
584,67,4.460000038,0.339233845,0.864669204,0.353409708,0.408842742,0.31265074,0.165455714,2.015743732,2017
585,151,4.440000057,1.009850144,1.259976387,0.625130832,0.561213255,0.490863562,0.073653966,0.419389248,2017
586,8,4.375999928,0.900596738,1.007483721,0.637524426,0.198303267,0.083488092,0.026674422,1.521499157,2017
587,69,4.315000057,0.792221248,0.754372597,0.455427617,0.469987005,0.231538489,0.092226885,1.519117117,2017
588,108,4.291999817,0.648457289,1.27203083,0.28534928,0.096098043,0.201870024,0.136957005,1.651637316,2017
589,41,4.290999889,0.808964252,0.832044363,0.289957434,0.435025871,0.120852128,0.079618134,1.724135637,2017
590,79,4.285999775,0.950612664,0.570614934,0.649546981,0.309410036,0.054008815,0.251666635,1.500137806,2017
591,42,4.28000021,0.092102349,1.229023457,0.191407025,0.235961348,0.246455833,0.060241356,2.224958658,2017
592,106,4.190000057,0.476180494,1.281473398,0.169365674,0.306613743,0.183354199,0.104970247,1.668190956,2017
593,84,4.179999828,0.603048921,0.90478003,0.04864217,0.447706193,0.20123747,0.130061775,1.844964266,2017
594,30,4.168000221,0.601765096,1.006238341,0.429783404,0.633375823,0.385922968,0.068105951,1.042941093,2017
595,152,4.138999939,0.659516692,1.21400857,0.290920824,0.014995855,0.182317451,0.08984752,1.68706584,2017
596,83,4.119999886,0.667224824,0.873664737,0.295637727,0.423026294,0.256923944,0.02533637,1.577867508,2017
597,168,4.096000195,0.894651949,1.394537568,0.575903952,0.122974776,0.270061463,0.023029471,0.814382315,2017
598,167,4.080999851,0.381430715,1.129827738,0.217632607,0.443185955,0.325766057,0.057069719,1.526362658,2017
599,28,4.032000065,0.350227714,1.043280005,0.215844259,0.324367851,0.250864685,0.120328106,1.727212906,2017
600,122,4.027999878,0.161925331,0.993025005,0.268505007,0.363658696,0.228673846,0.138572946,1.873983383,2017
601,103,3.970000029,0.233442038,0.512568831,0.315089583,0.466914654,0.28717047,0.072711654,2.081786156,2017
602,35,3.936000109,0.438012987,0.953855872,0.041134715,0.162342027,0.21611385,0.053581882,2.071238041,2017
603,178,3.875,0.375846535,1.083095908,0.196763754,0.336384207,0.189143494,0.095375381,1.597970247,2017
604,96,3.808000088,0.521021247,1.190095186,0,0.390661299,0.157497272,0.11909464,1.42983532,2017
605,5,3.795000076,0.85842818,1.10441196,0.049868666,0,0.09792649,0.069720335,1.614482403,2017
606,1,3.79399991,0.401477218,0.581543326,0.180746779,0.10617952,0.311870933,0.06115783,2.150801182,2017
607,24,3.766000032,1.122094154,1.221554995,0.341755509,0.505196333,0.099348448,0.098583199,0.377913713,2017
608,19,3.657000065,0.431085408,0.435299844,0.209930211,0.425962776,0.207948461,0.060929015,1.885630965,2017
609,102,3.644000053,0.305808693,0.913020372,0.375223309,0.189196765,0.20873253,0.067231975,1.584612608,2017
610,59,3.602999926,0.368610263,0.640449822,0.27732113,0.030369857,0.489203781,0.09987215,1.697167635,2017
611,176,3.592999935,0.591683447,0.935382247,0.310080916,0.249463722,0.104125209,0.056767423,1.345600605,2017
612,149,3.59100008,0.397248626,0.601323128,0.163486004,0.147062436,0.285670817,0.116793513,1.879567385,2017
613,97,3.532999992,0.119041793,0.872117937,0.229918197,0.332881182,0.266549885,0.038948249,1.673285961,2017
614,58,3.506999969,0.24454993,0.791244686,0.194129139,0.348587513,0.264815092,0.110937618,1.552311897,2017
615,162,3.494999886,0.305444717,0.43188253,0.247105569,0.380426139,0.196896151,0.095665015,1.837229252,2017
616,138,3.470999956,0.368745893,0.945707023,0.326424807,0.581843853,0.252756029,0.455220014,0.540061235,2017
617,157,3.461999893,0.777153134,0.396102607,0.500533342,0.081539445,0.493663728,0.151347131,1.061573505,2017
618,160,3.348999977,0.511135876,1.041989803,0.364509284,0.390017778,0.354256362,0.066035107,0.621130466,2017
619,29,2.904999971,0.091622569,0.629793584,0.151610792,0.059900753,0.204435185,0.084147945,1.683024168,2017
620,34,2.693000078,0,0,0.018772686,0.270842046,0.280876487,0.056565076,2.066004753,2017
621,48,7.526,1.44178,1.16374,0.79504,0.57941,0.36171,0.44453,2.73939,2016
622,156,7.509,1.52733,1.14524,0.86303,0.58557,0.28083,0.41203,2.69463,2016
623,68,7.501,1.42666,1.18326,0.86733,0.56624,0.47678,0.14975,2.83137,2016
624,125,7.498,1.57744,1.1269,0.79579,0.59609,0.37895,0.35776,2.66465,2016
625,72,7.413,1.40598,1.13464,0.81091,0.57104,0.25492,0.41004,2.82596,2016
626,32,7.404,1.44015,1.0961,0.8276,0.5737,0.44834,0.31329,2.70485,2016
627,119,7.339,1.46468,1.02912,0.81231,0.55211,0.47416,0.29927,2.70749,2016
628,120,7.334,1.36066,1.17278,0.83096,0.58147,0.49401,0.41904,2.47553,2016
629,9,7.313,1.44443,1.10476,0.8512,0.56837,0.47407,0.32331,2.5465,2016
630,155,7.291,1.45181,1.08764,0.83121,0.58218,0.38254,0.40867,2.54734,2016
631,80,7.267,1.33766,0.99537,0.84917,0.36432,0.32288,0.08728,3.31029,2016
632,10,7.119,1.45038,1.08383,0.80565,0.54355,0.32865,0.21348,2.69343,2016
633,171,7.104,1.50796,1.04782,0.779,0.48163,0.41077,0.14868,2.72782,2016
634,43,7.087,1.06879,1.02152,0.76146,0.55225,0.22553,0.10547,3.35168,2016
635,134,7.039,1.35943,1.08113,0.77758,0.46823,0.22202,0.12275,3.0076,2016
636,81,6.994,1.44787,1.09774,0.81487,0.53466,0.30452,0.28551,2.50931,2016
637,25,6.952,1.08754,1.03938,0.61415,0.40425,0.15776,0.14166,3.50733,2016
638,17,6.929,1.42539,1.05249,0.81959,0.51354,0.2424,0.26248,2.61355,2016
639,78,6.907,1.48341,1.16157,0.81455,0.54008,0.44963,0.29754,2.15988,2016
640,100,6.871,1.69752,1.03999,0.84542,0.5487,0.27571,0.35329,2.11055,2016
641,110,6.778,1.11508,0.7146,0.71143,0.37709,0.11735,0.18355,3.55906,2016
642,143,6.739,1.64555,0.86758,0.94719,0.4877,0.32706,0.46987,1.99375,2016
643,170,6.725,1.40283,1.08672,0.80991,0.50036,0.50156,0.27399,2.14999,2016
644,36,6.705,1.2167,0.90587,0.81883,0.37789,0.31595,0.11451,2.95505,2016
645,128,6.701,1.18306,0.98912,0.70835,0.48927,0.2418,0.08423,3.00559,2016
646,7,6.65,1.15137,1.06612,0.69711,0.42284,0.10989,0.07296,3.12985,2016
647,47,6.596,1.30915,1.00793,0.76376,0.41418,0.09929,0.03986,2.96211,2016
648,169,6.573,1.57352,0.87114,0.72993,0.56215,0.26591,0.35561,2.21507,2016
649,172,6.545,1.18157,1.03143,0.72183,0.54388,0.18056,0.21394,2.67139,2016
650,107,6.488,1.30782,1.09879,0.80315,0.54994,0.56237,0.17554,1.99032,2016
651,38,6.481,1.03032,1.02169,0.59659,0.44735,0.15626,0.05399,3.17471,2016
652,74,6.478,1.39488,1.00508,0.83795,0.46562,0.1216,0.17808,2.4744,2016
653,161,6.474,1.0893,1.04477,0.64915,0.49553,0.58696,0.02833,2.5796,2016
654,139,6.379,1.48953,0.84829,0.59267,0.37904,0.15457,0.30008,2.61482,2016
655,158,6.379,1.39729,0.92624,0.79565,0.32377,0.25495,0.0663,2.61523,2016
656,135,6.375,1.82427,0.87964,0.71723,0.56679,0.32388,0.48049,1.58224,2016
657,150,6.361,1.34253,1.12945,0.87896,0.37545,0.17665,0.06137,2.39663,2016
658,3,6.355,1.05266,0.83309,0.61804,0.21006,0.07044,0.16157,3.40904,2016
659,55,6.324,0.83454,0.87119,0.54039,0.50379,0.28808,0.08701,3.19863,2016
660,153,6.269,1.09686,0.77866,0.50933,0.52234,0.16665,0.12692,3.06852,2016
661,91,6.239,1.61714,0.87758,0.63569,0.43166,0.15965,0.23669,2.28085,2016
662,13,6.218,1.44024,0.94397,0.65696,0.47375,0.17147,0.25772,2.27405,2016
663,163,6.168,1.32572,0.98569,0.52608,0.48453,0.31935,0.01241,2.51394,2016
664,174,6.084,1.13367,1.03302,0.61904,0.19847,0.0425,0.08304,2.97468,2016
665,144,6.078,1.27973,1.08268,0.70367,0.23391,0.13837,0.02947,2.61065,2016
666,57,6.068,0.8737,0.80975,0.596,0.37269,0.08877,0.10613,3.22134,2016
667,104,6.005,1.25142,0.88025,0.62366,0.39031,0.41474,0.09081,2.35384,2016
668,121,5.992,0.69384,0.89521,0.65213,0.46582,0.29773,0.16292,2.82428,2016
669,173,5.987,0.73591,1.1681,0.50163,0.60848,0.34326,0.28333,2.34638,2016
670,82,5.977,1.35495,1.04167,0.85102,0.18827,0.16684,0.02556,2.34918,2016
671,53,5.976,0.97306,0.85974,0.68613,0.4027,0.10074,0.18037,2.77366,2016
672,18,5.956,0.87616,0.68655,0.45569,0.51231,0.23684,0.10771,3.08039,2016
673,86,5.921,1.38007,1.06054,0.91491,0.46761,0.10224,0.18985,1.80584,2016
674,88,5.919,1.22943,0.95544,0.57386,0.4052,0.15011,0.11132,2.49325,2016
675,111,5.897,0.69177,0.83132,0.52309,0.25202,0.19997,0.01903,3.38007,2016
676,137,5.856,1.23228,1.05261,0.58991,0.32682,0.02736,0.03586,2.59115,2016
677,132,5.835,1.24585,1.04685,0.69058,0.4519,0.14443,0.055,2.20035,2016
678,148,5.835,1.35948,0.72194,0.88645,0.25168,0.18824,0.07716,2.35015,2016
679,22,5.822,0.79422,0.83779,0.4697,0.50961,0.21698,0.07746,2.91635,2016
680,99,5.813,1.2692,1.06411,0.64674,0.18929,0.02025,0.0182,2.60525,2016
681,16,5.802,1.13062,1.04993,0.63104,0.29091,0.13942,0.17457,2.38582,2016
682,216,5.771,1.31141,0.81826,0.84142,0.43596,0.26322,0.16578,1.93447,2016
683,145,5.768,1.29947,1.05613,0.79151,0.53164,0.25738,0.03635,1.79522,2016
684,130,5.743,0.99602,0.81255,0.62994,0.37502,0.14527,0.05292,2.73117,2016
685,166,5.658,1.08017,1.03817,0.44006,0.37408,0.22567,0.28467,2.21489,2016
686,109,5.648,1.14372,0.75695,0.66189,0.46145,0.36951,0.05203,2.20223,2016
687,98,5.615,1.06688,0.95076,0.52304,0.40672,0.17087,0.10339,2.39374,2016
688,94,5.56,1.21788,0.95025,0.63952,0.27996,0.17445,0.0889,2.20859,2016
689,46,5.546,1.31857,0.70697,0.8488,0.29507,0.27906,0.05228,2.04497,2016
690,129,5.538,0.89373,1.11111,0.58295,0.46235,0.25296,0.07396,2.16091,2016
691,136,5.528,1.1697,0.72803,0.67602,0.36712,0.12889,0.00679,2.45184,2016
692,63,5.517,1.27964,1.05163,0.68098,0.41511,0.08423,0.18519,1.81985,2016
693,85,5.51,0.89333,0.96372,0.59469,0.43597,0.22245,0.04294,2.35682,2016
694,44,5.488,1.18649,0.60809,0.70524,0.23907,0.18434,0.04002,2.52462,2016
695,64,5.458,1.5107,0.87021,0.95277,0.48079,0.40097,0.31647,0.92614,2016
696,146,5.44,0,0.33613,0.11466,0.56778,0.27225,0.3118,3.83772,2016
697,90,5.401,0.90145,0.66062,0.54,0.14396,0.27992,0.06547,2.80998,2016
698,165,5.389,1.16492,0.87717,0.64718,0.23889,0.04707,0.12348,2.29074,2016
699,71,5.314,0.95104,0.87625,0.49374,0.39237,0.56521,0.00322,2.03171,2016
700,87,5.303,0.99673,0.86216,0.60712,0.36023,0.14262,0.13297,2.20142,2016
701,11,5.291,1.12373,0.76042,0.54504,0.35327,0.0564,0.17914,2.2735,2016
702,131,5.279,0.81217,0.87877,0.47036,0.54854,0.21674,0.11757,2.23484,2016
703,37,5.245,1.0278,0.79381,0.73561,0.44012,0.04959,0.02745,2.17087,2016
704,21,5.196,0.8527,0.90836,0.49759,0.46074,0.48546,0.1616,1.82916,2016
705,92,5.185,0.56044,0.95434,0.55449,0.40212,0.38432,0.04762,2.28136,2016
706,141,5.177,1.03437,0.81329,0.6458,0.15718,0.20737,0.04339,2.27539,2016
707,23,5.163,0.93383,0.64367,0.70766,0.09511,0.29889,0,2.48406,2016
708,113,5.161,1.07838,0.74173,0.63533,0.15111,0.17191,0.12721,2.25531,2016
709,51,5.155,1.02787,0.99496,0.57669,0.52259,0.21286,0.12372,1.69626,2016
710,114,5.151,0.84058,0.38595,0.59471,0.25646,0.04053,0.08404,2.94891,2016
711,65,5.145,1.24142,0.93164,0.67608,0.1977,0.099,0.04472,1.95473,2016
712,126,5.132,0.68816,0.26135,0.40306,0.14622,0.31185,0.1388,3.18286,2016
713,95,5.129,1.12268,0.64184,0.76171,0.26228,0.23693,0.03061,2.07339,2016
714,133,5.123,1.27607,0.94367,0.79363,0.44727,0.11691,0.01521,1.53015,2016
715,101,5.121,1.0193,0.78236,0.64738,0.27668,0.23507,0.07047,2.08947,2016
716,175,5.061,0.74037,0.79117,0.66157,0.55954,0.25075,0.11556,1.9418,2016
717,217,5.057,0.25558,0.75862,0.33108,0.3913,0.51479,0.36794,2.43801,2016
718,164,5.045,0.97724,0.43165,0.59577,0.23553,0.03936,0.0817,2.68413,2016
719,54,5.033,1.24886,0.75473,0.80029,0.05822,0,0.04127,2.12944,2016
720,159,4.996,0.48835,0.75602,0.53119,0.43408,0.25998,0.13509,2.39106,2016
721,112,4.907,0.98853,1.08983,0.55469,0.35972,0.34539,0.03285,1.53586,2016
722,93,4.876,0.68042,0.5497,0.38291,0.52168,0.43079,0.22423,2.08637,2016
723,123,4.875,0.75216,0.64498,0.05108,0.27854,0.23219,0.0305,2.88586,2016
724,61,4.871,0.69429,0.75596,0.58383,0.26755,0.2044,0.06906,2.29551,2016
725,73,4.813,1.11758,0.38857,0.64232,0.22544,0.38538,0.0557,1.99817,2016
726,177,4.795,0.61202,0.6376,0.23573,0.42662,0.17866,0.11479,2.58991,2016
727,118,4.793,0.44626,0.69699,0.50073,0.37012,0.3816,0.07008,2.32694,2016
728,127,4.754,0.67024,0.71629,0.56844,0.17744,0.11154,0.10613,2.40364,2016
729,2,4.655,0.9553,0.50163,0.73007,0.31866,0.1684,0.05301,1.92816,2016
730,14,4.643,0.54177,0.24749,0.52989,0.39778,0.19132,0.12583,2.60904,2016
731,142,4.635,0.36485,0.628,0,0.30685,0.23897,0.08196,3.01402,2016
732,75,4.575,1.07474,0.59205,0.51076,0.24856,0.19589,0.13636,1.81657,2016
733,117,4.574,0.93287,0.70362,0.34745,0.48614,0.07795,0.10398,1.92198,2016
734,31,4.513,0.52497,0.62542,0.12698,0.42736,0.2268,0.06126,2.5198,2016
735,67,4.508,0.29283,0.37932,0.34578,0.36703,0.29522,0.1717,2.65614,2016
736,147,4.459,1.02416,0.96053,0.18611,0.42483,0.13656,0.08415,1.64227,2016
737,151,4.415,0.97318,0.84783,0.62007,0.50817,0.46978,0.07964,0.91681,2016
738,69,4.404,0.74036,0.29247,0.45091,0.40285,0.25028,0.08722,2.18032,2016
739,116,4.395,0.34112,0.69981,0.3988,0.42692,0.81971,0.20243,1.50655,2016
740,56,4.362,0.95395,0.49813,0.52116,0.18847,0.12706,0.10393,1.96895,2016
741,8,4.36,0.86086,0.62477,0.64083,0.14037,0.07793,0.03616,1.97864,2016
742,89,4.356,0.52267,0.7624,0.30147,0.40576,0.41328,0.06686,1.88326,2016
743,168,4.324,0.87287,1.01413,0.58628,0.12859,0.20363,0.01829,1.50066,2016
744,83,4.276,0.63107,0.49353,0.29681,0.40973,0.21203,0.0326,2.2002,2016
745,42,4.272,0.05661,0.80676,0.188,0.15602,0.25458,0.06075,2.74924,2016
746,79,4.252,0.83792,0.19249,0.64035,0.32461,0.06786,0.3188,1.87031,2016
747,41,4.236,0.77109,0.47799,0.28212,0.37938,0.12077,0.09753,2.10681,2016
748,140,4.219,0.44314,0.77416,0.40457,0.31056,0.19103,0.11681,1.97861,2016
749,27,4.217,1.11306,0.92542,0.67806,0.21219,0.12793,0.00615,1.15377,2016
750,108,4.201,0.61391,0.84142,0.28639,0.1268,0.22686,0.17955,1.9263,2016
751,178,4.193,0.35041,0.71478,0.1595,0.25429,0.18503,0.08582,2.4427,2016
752,103,4.156,0.08709,0.147,0.29364,0.4143,0.30968,0.07564,2.82859,2016
753,152,4.139,0.63069,0.81928,0.29759,0,0.18077,0.10039,2.10995,2016
754,76,4.121,1.15851,0.72368,0.3494,0.28098,0.06244,0.09314,1.45332,2016
755,106,4.073,0.31292,0.86333,0.16347,0.27544,0.21064,0.13647,2.11087,2016
756,59,4.028,0.34097,0.29561,0.27494,0.12072,0.47958,0.14476,2.37116,2016
757,24,3.974,1.09426,0.89186,0.34752,0.44089,0.12425,0.10769,0.96741,2016
758,39,3.956,0.27509,0.60323,0.29981,0.15412,0.1827,0.18437,2.25632,2016
759,84,3.916,0.55507,0.57576,0.04476,0.40663,0.20338,0.1553,1.97478,2016
760,30,3.907,0.55604,0.5375,0.42494,0.58852,0.40339,0.08092,1.31573,2016
761,5,3.866,0.84731,0.66366,0.04991,0.00589,0.12071,0.08434,2.09459,2016
762,122,3.856,0.1327,0.6053,0.26162,0.38041,0.2097,0.17176,2.09469,2016
763,149,3.832,0.39394,0.18519,0.15781,0.19662,0.25899,0.13015,2.50929,2016
764,35,3.763,0.42214,0.63178,0.03824,0.12807,0.18667,0.04952,2.30637,2016
765,28,3.739,0.31995,0.63054,0.21297,0.3337,0.24353,0.12533,1.87319,2016
766,167,3.739,0.34719,0.90981,0.19625,0.43653,0.27102,0.06442,1.51416,2016
767,176,3.724,0.57939,0.47493,0.31048,0.2287,0.09821,0.05892,1.97295,2016
768,102,3.695,0.27954,0.46115,0.37109,0.13684,0.2204,0.07506,2.15075,2016
769,160,3.666,0.47155,0.77623,0.357,0.3176,0.31472,0.05099,1.37769,2016
770,97,3.622,0.10706,0.50353,0.23165,0.25748,0.24063,0.04852,2.23284,2016
771,58,3.607,0.22415,0.3109,0.18829,0.30953,0.29914,0.1192,2.15604,2016
772,138,3.515,0.32846,0.61586,0.31865,0.5432,0.23552,0.50521,0.96819,2016
773,19,3.484,0.39499,0.10419,0.21028,0.39747,0.2018,0.06681,2.10812,2016
774,1,3.36,0.38227,0.11037,0.17344,0.1643,0.31268,0.07112,2.14558,2016
775,162,3.303,0.28123,0,0.24811,0.34678,0.17517,0.11587,2.1354,2016
776,157,3.069,0.74719,0.14866,0.62994,0.06912,0.48397,0.17233,0.81789,2016
777,29,2.905,0.06831,0.23442,0.15747,0.0432,0.2029,0.09419,2.10404,2016
